<?xml version="1.0" encoding="UTF-8"?>
<edgarSubmission xmlns:com="http://www.sec.gov/edgar/common" xmlns="http://www.sec.gov/edgar/ncen">
  <schemaVersion>X0101</schemaVersion>
  <headerData>
    <submissionType>N-CEN</submissionType>
    <filerInfo>
      <liveTestFlag>LIVE</liveTestFlag>
      <filer>
        <issuerCredentials>
          <cik>0001396502</cik>
          <ccc>XXXXXXXX</ccc>
        </issuerCredentials>
      </filer>
      <flags>
        <returnCopyFlag>true</returnCopyFlag>
        <overrideInternetFlag>false</overrideInternetFlag>
        <confirmingCopyFlag>false</confirmingCopyFlag>
      </flags>
      <investmentCompanyType>N-2</investmentCompanyType>
    </filerInfo>
  </headerData>
  <formData>
    <generalInfo reportEndingPeriod="2018-10-31" isReportPeriodLt12="Y"/>
    <registrantInfo>
      <registrantFullName>John Hancock Tax-Advantaged Global Shareholder Yield Fund</registrantFullName>
      <investmentCompFileNo>811-22056</investmentCompFileNo>
      <registrantCik>0001396502</registrantCik>
      <registrantLei>549300KILC6GI1G1FO95</registrantLei>
      <registrantstreet1>200 Berkeley Street</registrantstreet1>
      <registrantcity>Boston</registrantcity>
      <registrantzipCode>02116</registrantzipCode>
      <registrantstate>US-MA</registrantstate>
      <registrantcountry>US</registrantcountry>
      <registrantphoneNumber>6176634497</registrantphoneNumber>
      <websites>
        <website webpage="http://www.jhinvestments.com/"/>
      </websites>
      <locationBooksRecords>
        <locationBooksRecord>
          <officeName>State Street Bank and Trust Company</officeName>
          <officeAddress1>One Lincoln Street</officeAddress1>
          <officeCity>Boston</officeCity>
          <officeStateCountry officeState="US-MA" officeCountry="US"/>
          <officeRecordsZipCode>02111</officeRecordsZipCode>
          <officePhone>6177863000</officePhone>
          <booksRecordsDesc>SSB maintains the accounting records and the custody of the assets.</booksRecordsDesc>
        </locationBooksRecord>
        <locationBooksRecord>
          <officeName>John Hancock Tax-Advantaged Global Shareholder Yield Fund</officeName>
          <officeAddress1>200 Berkeley Street</officeAddress1>
          <officeCity>Boston</officeCity>
          <officeStateCountry officeState="US-MA" officeCountry="US"/>
          <officeRecordsZipCode>02116</officeRecordsZipCode>
          <officePhone>6176634497</officePhone>
          <booksRecordsDesc>Records related to its functions as Registrant</booksRecordsDesc>
        </locationBooksRecord>
        <locationBooksRecord>
          <officeName>John Hancock Advisors, LLC</officeName>
          <officeAddress1>200 Berkeley Street</officeAddress1>
          <officeCity>Boston</officeCity>
          <officeStateCountry officeState="US-MA" officeCountry="US"/>
          <officeRecordsZipCode>02116</officeRecordsZipCode>
          <officePhone>6176632430</officePhone>
          <booksRecordsDesc>Records related to its functions as advisor</booksRecordsDesc>
        </locationBooksRecord>
        <locationBooksRecord>
          <officeName>John Hancock Asset Management a division of Manulife Asset Management (US) LLC</officeName>
          <officeAddress1>197 Clarendon Street</officeAddress1>
          <officeCity>Boston</officeCity>
          <officeStateCountry officeState="US-MA" officeCountry="US"/>
          <officeRecordsZipCode>02216</officeRecordsZipCode>
          <officePhone>6173751876</officePhone>
          <booksRecordsDesc>Records related to its functions as sub-advisor</booksRecordsDesc>
        </locationBooksRecord>
      </locationBooksRecords>
      <isRegistrantFirstFiling>Y</isRegistrantFirstFiling>
      <isRegistrantLastFiling>N</isRegistrantLastFiling>
      <registrantFamilyInvComp isRegistrantFamilyInvComp="Y" familyInvCompFullName="John Hancock Group of Funds"/>
      <registrantClassificationType>N-2</registrantClassificationType>
      <isSecuritiesActRegistration>Y</isSecuritiesActRegistration>
      <directors>
        <director>
          <directorName>Hassell H. McClellan</directorName>
          <crdNumber>N/A</crdNumber>
          <isDirectorInterestedPerson>N</isDirectorInterestedPerson>
          <fileNumbers>
            <fileNumberInfo fileNumber="811-01677"/>
            <fileNumberInfo fileNumber="811-05979"/>
            <fileNumberInfo fileNumber="811-03006"/>
            <fileNumberInfo fileNumber="811-04642"/>
            <fileNumberInfo fileNumber="811-07455"/>
            <fileNumberInfo fileNumber="811-09140"/>
            <fileNumberInfo fileNumber="811-04146"/>
            <fileNumberInfo fileNumber="811-00945"/>
            <fileNumberInfo fileNumber="811-04173"/>
            <fileNumberInfo fileNumber="811-21416"/>
            <fileNumberInfo fileNumber="811-04651"/>
            <fileNumberInfo fileNumber="811-02402"/>
            <fileNumberInfo fileNumber="811-05908"/>
            <fileNumberInfo fileNumber="811-21287"/>
            <fileNumberInfo fileNumber="811-21202"/>
            <fileNumberInfo fileNumber="811-21779"/>
            <fileNumberInfo fileNumber="811-05968"/>
            <fileNumberInfo fileNumber="811-21131"/>
            <fileNumberInfo fileNumber="811-07705"/>
            <fileNumberInfo fileNumber="811-03999"/>
            <fileNumberInfo fileNumber="811-04630"/>
            <fileNumberInfo fileNumber="811-00560"/>
            <fileNumberInfo fileNumber="811-04186"/>
            <fileNumberInfo fileNumber="811-22441"/>
            <fileNumberInfo fileNumber="811-21777"/>
            <fileNumberInfo fileNumber="811-08568"/>
            <fileNumberInfo fileNumber="811-22733"/>
            <fileNumberInfo fileNumber="811-02485"/>
            <fileNumberInfo fileNumber="811-23027"/>
            <fileNumberInfo fileNumber="811-22906"/>
          </fileNumbers>
        </director>
        <director>
          <directorName>James R. Boyle</directorName>
          <crdNumber>N/A</crdNumber>
          <isDirectorInterestedPerson>N</isDirectorInterestedPerson>
          <fileNumbers>
            <fileNumberInfo fileNumber="811-04146"/>
            <fileNumberInfo fileNumber="811-04173"/>
            <fileNumberInfo fileNumber="811-21416"/>
            <fileNumberInfo fileNumber="811-04651"/>
            <fileNumberInfo fileNumber="811-02402"/>
            <fileNumberInfo fileNumber="811-05908"/>
            <fileNumberInfo fileNumber="811-21287"/>
            <fileNumberInfo fileNumber="811-21202"/>
            <fileNumberInfo fileNumber="811-21779"/>
            <fileNumberInfo fileNumber="811-05968"/>
            <fileNumberInfo fileNumber="811-21131"/>
            <fileNumberInfo fileNumber="811-03999"/>
            <fileNumberInfo fileNumber="811-04630"/>
            <fileNumberInfo fileNumber="811-00560"/>
            <fileNumberInfo fileNumber="811-04186"/>
            <fileNumberInfo fileNumber="811-22441"/>
            <fileNumberInfo fileNumber="811-21777"/>
            <fileNumberInfo fileNumber="811-08568"/>
            <fileNumberInfo fileNumber="811-22733"/>
            <fileNumberInfo fileNumber="811-02485"/>
            <fileNumberInfo fileNumber="811-23027"/>
            <fileNumberInfo fileNumber="811-01677"/>
            <fileNumberInfo fileNumber="811-05979"/>
            <fileNumberInfo fileNumber="811-03006"/>
          </fileNumbers>
        </director>
        <director>
          <directorName>Peter S. Burgess</directorName>
          <crdNumber>N/A</crdNumber>
          <isDirectorInterestedPerson>N</isDirectorInterestedPerson>
          <fileNumbers>
            <fileNumberInfo fileNumber="811-04146"/>
            <fileNumberInfo fileNumber="811-04173"/>
            <fileNumberInfo fileNumber="811-21416"/>
            <fileNumberInfo fileNumber="811-04651"/>
            <fileNumberInfo fileNumber="811-02402"/>
            <fileNumberInfo fileNumber="811-05908"/>
            <fileNumberInfo fileNumber="811-21287"/>
            <fileNumberInfo fileNumber="811-21202"/>
            <fileNumberInfo fileNumber="811-21779"/>
            <fileNumberInfo fileNumber="811-05968"/>
            <fileNumberInfo fileNumber="811-21131"/>
            <fileNumberInfo fileNumber="811-03999"/>
            <fileNumberInfo fileNumber="811-04630"/>
            <fileNumberInfo fileNumber="811-00560"/>
            <fileNumberInfo fileNumber="811-04186"/>
            <fileNumberInfo fileNumber="811-22441"/>
            <fileNumberInfo fileNumber="811-21777"/>
            <fileNumberInfo fileNumber="811-08568"/>
            <fileNumberInfo fileNumber="811-22733"/>
            <fileNumberInfo fileNumber="811-02485"/>
            <fileNumberInfo fileNumber="811-23027"/>
            <fileNumberInfo fileNumber="811-01677"/>
            <fileNumberInfo fileNumber="811-05979"/>
            <fileNumberInfo fileNumber="811-03006"/>
          </fileNumbers>
        </director>
        <director>
          <directorName>William H. Cunningham</directorName>
          <crdNumber>N/A</crdNumber>
          <isDirectorInterestedPerson>N</isDirectorInterestedPerson>
          <fileNumbers>
            <fileNumberInfo fileNumber="811-04146"/>
            <fileNumberInfo fileNumber="811-04173"/>
            <fileNumberInfo fileNumber="811-21416"/>
            <fileNumberInfo fileNumber="811-04651"/>
            <fileNumberInfo fileNumber="811-02402"/>
            <fileNumberInfo fileNumber="811-05908"/>
            <fileNumberInfo fileNumber="811-21287"/>
            <fileNumberInfo fileNumber="811-21202"/>
            <fileNumberInfo fileNumber="811-21779"/>
            <fileNumberInfo fileNumber="811-05968"/>
            <fileNumberInfo fileNumber="811-21131"/>
            <fileNumberInfo fileNumber="811-03999"/>
            <fileNumberInfo fileNumber="811-04630"/>
            <fileNumberInfo fileNumber="811-00560"/>
            <fileNumberInfo fileNumber="811-04186"/>
            <fileNumberInfo fileNumber="811-22441"/>
            <fileNumberInfo fileNumber="811-21777"/>
            <fileNumberInfo fileNumber="811-08568"/>
            <fileNumberInfo fileNumber="811-22733"/>
            <fileNumberInfo fileNumber="811-02485"/>
            <fileNumberInfo fileNumber="811-23027"/>
            <fileNumberInfo fileNumber="811-01677"/>
            <fileNumberInfo fileNumber="811-05979"/>
            <fileNumberInfo fileNumber="811-03006"/>
          </fileNumbers>
        </director>
        <director>
          <directorName>Grace K. Fey</directorName>
          <crdNumber>N/A</crdNumber>
          <isDirectorInterestedPerson>N</isDirectorInterestedPerson>
          <fileNumbers>
            <fileNumberInfo fileNumber="811-04146"/>
            <fileNumberInfo fileNumber="811-04173"/>
            <fileNumberInfo fileNumber="811-21416"/>
            <fileNumberInfo fileNumber="811-04651"/>
            <fileNumberInfo fileNumber="811-02402"/>
            <fileNumberInfo fileNumber="811-05908"/>
            <fileNumberInfo fileNumber="811-21287"/>
            <fileNumberInfo fileNumber="811-21202"/>
            <fileNumberInfo fileNumber="811-21779"/>
            <fileNumberInfo fileNumber="811-05968"/>
            <fileNumberInfo fileNumber="811-21131"/>
            <fileNumberInfo fileNumber="811-03999"/>
            <fileNumberInfo fileNumber="811-04630"/>
            <fileNumberInfo fileNumber="811-00560"/>
            <fileNumberInfo fileNumber="811-04186"/>
            <fileNumberInfo fileNumber="811-22441"/>
            <fileNumberInfo fileNumber="811-21777"/>
            <fileNumberInfo fileNumber="811-08568"/>
            <fileNumberInfo fileNumber="811-22733"/>
            <fileNumberInfo fileNumber="811-02485"/>
            <fileNumberInfo fileNumber="811-23027"/>
            <fileNumberInfo fileNumber="811-01677"/>
            <fileNumberInfo fileNumber="811-05979"/>
            <fileNumberInfo fileNumber="811-03006"/>
          </fileNumbers>
        </director>
        <director>
          <directorName>Marianne Harrison</directorName>
          <crdNumber>N/A</crdNumber>
          <isDirectorInterestedPerson>Y</isDirectorInterestedPerson>
          <fileNumbers>
            <fileNumberInfo fileNumber="811-04146"/>
            <fileNumberInfo fileNumber="811-04173"/>
            <fileNumberInfo fileNumber="811-21416"/>
            <fileNumberInfo fileNumber="811-04651"/>
            <fileNumberInfo fileNumber="811-02402"/>
            <fileNumberInfo fileNumber="811-05908"/>
            <fileNumberInfo fileNumber="811-21287"/>
            <fileNumberInfo fileNumber="811-21202"/>
            <fileNumberInfo fileNumber="811-21779"/>
            <fileNumberInfo fileNumber="811-05968"/>
            <fileNumberInfo fileNumber="811-21131"/>
            <fileNumberInfo fileNumber="811-03999"/>
            <fileNumberInfo fileNumber="811-04630"/>
            <fileNumberInfo fileNumber="811-00560"/>
            <fileNumberInfo fileNumber="811-04186"/>
            <fileNumberInfo fileNumber="811-22441"/>
            <fileNumberInfo fileNumber="811-21777"/>
            <fileNumberInfo fileNumber="811-08568"/>
            <fileNumberInfo fileNumber="811-22733"/>
            <fileNumberInfo fileNumber="811-02485"/>
            <fileNumberInfo fileNumber="811-23027"/>
            <fileNumberInfo fileNumber="811-01677"/>
            <fileNumberInfo fileNumber="811-05979"/>
            <fileNumberInfo fileNumber="811-03006"/>
          </fileNumbers>
        </director>
        <director>
          <directorName>Theron S. Hoffman</directorName>
          <crdNumber>N/A</crdNumber>
          <isDirectorInterestedPerson>N</isDirectorInterestedPerson>
          <fileNumbers>
            <fileNumberInfo fileNumber="811-04146"/>
            <fileNumberInfo fileNumber="811-04173"/>
            <fileNumberInfo fileNumber="811-21416"/>
            <fileNumberInfo fileNumber="811-04651"/>
            <fileNumberInfo fileNumber="811-02402"/>
            <fileNumberInfo fileNumber="811-05908"/>
            <fileNumberInfo fileNumber="811-21287"/>
            <fileNumberInfo fileNumber="811-21202"/>
            <fileNumberInfo fileNumber="811-21779"/>
            <fileNumberInfo fileNumber="811-05968"/>
            <fileNumberInfo fileNumber="811-21131"/>
            <fileNumberInfo fileNumber="811-03999"/>
            <fileNumberInfo fileNumber="811-04630"/>
            <fileNumberInfo fileNumber="811-00560"/>
            <fileNumberInfo fileNumber="811-04186"/>
            <fileNumberInfo fileNumber="811-22441"/>
            <fileNumberInfo fileNumber="811-21777"/>
            <fileNumberInfo fileNumber="811-08568"/>
            <fileNumberInfo fileNumber="811-22733"/>
            <fileNumberInfo fileNumber="811-02485"/>
            <fileNumberInfo fileNumber="811-23027"/>
            <fileNumberInfo fileNumber="811-01677"/>
            <fileNumberInfo fileNumber="811-05979"/>
            <fileNumberInfo fileNumber="811-03006"/>
          </fileNumbers>
        </director>
        <director>
          <directorName>Deborah C. Jackson</directorName>
          <crdNumber>N/A</crdNumber>
          <isDirectorInterestedPerson>N</isDirectorInterestedPerson>
          <fileNumbers>
            <fileNumberInfo fileNumber="811-04146"/>
            <fileNumberInfo fileNumber="811-04173"/>
            <fileNumberInfo fileNumber="811-21416"/>
            <fileNumberInfo fileNumber="811-04651"/>
            <fileNumberInfo fileNumber="811-02402"/>
            <fileNumberInfo fileNumber="811-05908"/>
            <fileNumberInfo fileNumber="811-21287"/>
            <fileNumberInfo fileNumber="811-21202"/>
            <fileNumberInfo fileNumber="811-21779"/>
            <fileNumberInfo fileNumber="811-05968"/>
            <fileNumberInfo fileNumber="811-21131"/>
            <fileNumberInfo fileNumber="811-03999"/>
            <fileNumberInfo fileNumber="811-04630"/>
            <fileNumberInfo fileNumber="811-00560"/>
            <fileNumberInfo fileNumber="811-04186"/>
            <fileNumberInfo fileNumber="811-22441"/>
            <fileNumberInfo fileNumber="811-21777"/>
            <fileNumberInfo fileNumber="811-08568"/>
            <fileNumberInfo fileNumber="811-22733"/>
            <fileNumberInfo fileNumber="811-02485"/>
            <fileNumberInfo fileNumber="811-23027"/>
            <fileNumberInfo fileNumber="811-01677"/>
            <fileNumberInfo fileNumber="811-05979"/>
            <fileNumberInfo fileNumber="811-03006"/>
          </fileNumbers>
        </director>
        <director>
          <directorName>James M. Oates</directorName>
          <crdNumber>N/A</crdNumber>
          <isDirectorInterestedPerson>N</isDirectorInterestedPerson>
          <fileNumbers>
            <fileNumberInfo fileNumber="811-04146"/>
            <fileNumberInfo fileNumber="811-04173"/>
            <fileNumberInfo fileNumber="811-21416"/>
            <fileNumberInfo fileNumber="811-04651"/>
            <fileNumberInfo fileNumber="811-02402"/>
            <fileNumberInfo fileNumber="811-05908"/>
            <fileNumberInfo fileNumber="811-21287"/>
            <fileNumberInfo fileNumber="811-21202"/>
            <fileNumberInfo fileNumber="811-21779"/>
            <fileNumberInfo fileNumber="811-05968"/>
            <fileNumberInfo fileNumber="811-21131"/>
            <fileNumberInfo fileNumber="811-03999"/>
            <fileNumberInfo fileNumber="811-04630"/>
            <fileNumberInfo fileNumber="811-00560"/>
            <fileNumberInfo fileNumber="811-04186"/>
            <fileNumberInfo fileNumber="811-22441"/>
            <fileNumberInfo fileNumber="811-21777"/>
            <fileNumberInfo fileNumber="811-08568"/>
            <fileNumberInfo fileNumber="811-22733"/>
            <fileNumberInfo fileNumber="811-02485"/>
            <fileNumberInfo fileNumber="811-23027"/>
            <fileNumberInfo fileNumber="811-01677"/>
            <fileNumberInfo fileNumber="811-05979"/>
            <fileNumberInfo fileNumber="811-03006"/>
            <fileNumberInfo fileNumber="811-22958"/>
            <fileNumberInfo fileNumber="811-04739"/>
            <fileNumberInfo fileNumber="811-22608"/>
            <fileNumberInfo fileNumber="811-05620"/>
            <fileNumberInfo fileNumber="811-04642"/>
            <fileNumberInfo fileNumber="811-07455"/>
            <fileNumberInfo fileNumber="811-09140"/>
            <fileNumberInfo fileNumber="811-00945"/>
            <fileNumberInfo fileNumber="811-07705"/>
            <fileNumberInfo fileNumber="811-22906"/>
          </fileNumbers>
        </director>
        <director>
          <directorName>Gregory A. Russo</directorName>
          <crdNumber>N/A</crdNumber>
          <isDirectorInterestedPerson>N</isDirectorInterestedPerson>
          <fileNumbers>
            <fileNumberInfo fileNumber="811-04146"/>
            <fileNumberInfo fileNumber="811-04173"/>
            <fileNumberInfo fileNumber="811-21416"/>
            <fileNumberInfo fileNumber="811-04651"/>
            <fileNumberInfo fileNumber="811-02402"/>
            <fileNumberInfo fileNumber="811-05908"/>
            <fileNumberInfo fileNumber="811-21287"/>
            <fileNumberInfo fileNumber="811-21202"/>
            <fileNumberInfo fileNumber="811-21779"/>
            <fileNumberInfo fileNumber="811-05968"/>
            <fileNumberInfo fileNumber="811-21131"/>
            <fileNumberInfo fileNumber="811-03999"/>
            <fileNumberInfo fileNumber="811-04630"/>
            <fileNumberInfo fileNumber="811-00560"/>
            <fileNumberInfo fileNumber="811-04186"/>
            <fileNumberInfo fileNumber="811-22441"/>
            <fileNumberInfo fileNumber="811-21777"/>
            <fileNumberInfo fileNumber="811-08568"/>
            <fileNumberInfo fileNumber="811-22733"/>
            <fileNumberInfo fileNumber="811-02485"/>
            <fileNumberInfo fileNumber="811-23027"/>
            <fileNumberInfo fileNumber="811-01677"/>
            <fileNumberInfo fileNumber="811-05979"/>
            <fileNumberInfo fileNumber="811-03006"/>
          </fileNumbers>
        </director>
        <director>
          <directorName>Steven R. Pruchansky</directorName>
          <crdNumber>N/A</crdNumber>
          <isDirectorInterestedPerson>N</isDirectorInterestedPerson>
          <fileNumbers>
            <fileNumberInfo fileNumber="811-04146"/>
            <fileNumberInfo fileNumber="811-04173"/>
            <fileNumberInfo fileNumber="811-21416"/>
            <fileNumberInfo fileNumber="811-04651"/>
            <fileNumberInfo fileNumber="811-02402"/>
            <fileNumberInfo fileNumber="811-05908"/>
            <fileNumberInfo fileNumber="811-21287"/>
            <fileNumberInfo fileNumber="811-21202"/>
            <fileNumberInfo fileNumber="811-21779"/>
            <fileNumberInfo fileNumber="811-05968"/>
            <fileNumberInfo fileNumber="811-21131"/>
            <fileNumberInfo fileNumber="811-03999"/>
            <fileNumberInfo fileNumber="811-04630"/>
            <fileNumberInfo fileNumber="811-00560"/>
            <fileNumberInfo fileNumber="811-04186"/>
            <fileNumberInfo fileNumber="811-22441"/>
            <fileNumberInfo fileNumber="811-21777"/>
            <fileNumberInfo fileNumber="811-08568"/>
            <fileNumberInfo fileNumber="811-22733"/>
            <fileNumberInfo fileNumber="811-02485"/>
            <fileNumberInfo fileNumber="811-23027"/>
            <fileNumberInfo fileNumber="811-01677"/>
            <fileNumberInfo fileNumber="811-05979"/>
            <fileNumberInfo fileNumber="811-03006"/>
          </fileNumbers>
        </director>
        <director>
          <directorName>Warren A. Thomson</directorName>
          <crdNumber>N/A</crdNumber>
          <isDirectorInterestedPerson>Y</isDirectorInterestedPerson>
          <fileNumbers>
            <fileNumberInfo fileNumber="811-04146"/>
            <fileNumberInfo fileNumber="811-04173"/>
            <fileNumberInfo fileNumber="811-21416"/>
            <fileNumberInfo fileNumber="811-04651"/>
            <fileNumberInfo fileNumber="811-02402"/>
            <fileNumberInfo fileNumber="811-05908"/>
            <fileNumberInfo fileNumber="811-21287"/>
            <fileNumberInfo fileNumber="811-21202"/>
            <fileNumberInfo fileNumber="811-21779"/>
            <fileNumberInfo fileNumber="811-05968"/>
            <fileNumberInfo fileNumber="811-21131"/>
            <fileNumberInfo fileNumber="811-03999"/>
            <fileNumberInfo fileNumber="811-04630"/>
            <fileNumberInfo fileNumber="811-00560"/>
            <fileNumberInfo fileNumber="811-04186"/>
            <fileNumberInfo fileNumber="811-22441"/>
            <fileNumberInfo fileNumber="811-21777"/>
            <fileNumberInfo fileNumber="811-08568"/>
            <fileNumberInfo fileNumber="811-22733"/>
            <fileNumberInfo fileNumber="811-02485"/>
            <fileNumberInfo fileNumber="811-23027"/>
            <fileNumberInfo fileNumber="811-01677"/>
            <fileNumberInfo fileNumber="811-05979"/>
            <fileNumberInfo fileNumber="811-03006"/>
          </fileNumbers>
        </director>
        <director>
          <directorName>Andrew G. Arnott</directorName>
          <crdNumber>N/A</crdNumber>
          <isDirectorInterestedPerson>Y</isDirectorInterestedPerson>
          <fileNumbers>
            <fileNumberInfo fileNumber="811-04146"/>
            <fileNumberInfo fileNumber="811-04173"/>
            <fileNumberInfo fileNumber="811-21416"/>
            <fileNumberInfo fileNumber="811-04651"/>
            <fileNumberInfo fileNumber="811-02402"/>
            <fileNumberInfo fileNumber="811-05908"/>
            <fileNumberInfo fileNumber="811-21287"/>
            <fileNumberInfo fileNumber="811-21202"/>
            <fileNumberInfo fileNumber="811-21779"/>
            <fileNumberInfo fileNumber="811-05968"/>
            <fileNumberInfo fileNumber="811-21131"/>
            <fileNumberInfo fileNumber="811-03999"/>
            <fileNumberInfo fileNumber="811-04630"/>
            <fileNumberInfo fileNumber="811-00560"/>
            <fileNumberInfo fileNumber="811-04186"/>
            <fileNumberInfo fileNumber="811-22441"/>
            <fileNumberInfo fileNumber="811-21777"/>
            <fileNumberInfo fileNumber="811-08568"/>
            <fileNumberInfo fileNumber="811-22733"/>
            <fileNumberInfo fileNumber="811-02485"/>
            <fileNumberInfo fileNumber="811-23027"/>
            <fileNumberInfo fileNumber="811-01677"/>
            <fileNumberInfo fileNumber="811-05979"/>
            <fileNumberInfo fileNumber="811-03006"/>
          </fileNumbers>
        </director>
        <director>
          <directorName>Charles L. Bardelis</directorName>
          <crdNumber>N/A</crdNumber>
          <isDirectorInterestedPerson>N</isDirectorInterestedPerson>
          <fileNumbers>
            <fileNumberInfo fileNumber="811-04651"/>
            <fileNumberInfo fileNumber="811-02402"/>
            <fileNumberInfo fileNumber="811-05908"/>
            <fileNumberInfo fileNumber="811-21287"/>
            <fileNumberInfo fileNumber="811-21202"/>
            <fileNumberInfo fileNumber="811-21779"/>
            <fileNumberInfo fileNumber="811-05968"/>
            <fileNumberInfo fileNumber="811-21131"/>
            <fileNumberInfo fileNumber="811-03999"/>
            <fileNumberInfo fileNumber="811-04630"/>
            <fileNumberInfo fileNumber="811-00560"/>
            <fileNumberInfo fileNumber="811-04186"/>
            <fileNumberInfo fileNumber="811-22441"/>
            <fileNumberInfo fileNumber="811-21777"/>
            <fileNumberInfo fileNumber="811-08568"/>
            <fileNumberInfo fileNumber="811-22733"/>
            <fileNumberInfo fileNumber="811-02485"/>
            <fileNumberInfo fileNumber="811-23027"/>
            <fileNumberInfo fileNumber="811-01677"/>
            <fileNumberInfo fileNumber="811-05979"/>
            <fileNumberInfo fileNumber="811-03006"/>
            <fileNumberInfo fileNumber="811-04146"/>
            <fileNumberInfo fileNumber="811-04173"/>
            <fileNumberInfo fileNumber="811-21416"/>
          </fileNumbers>
        </director>
      </directors>
      <chiefComplianceOfficers>
        <chiefComplianceOfficer>
          <ccoName>Francis V. Knox, Jr.</ccoName>
          <crdNumber>N/A</crdNumber>
          <ccoStreet1>200 Berkeley Street</ccoStreet1>
          <ccoCity>Boston</ccoCity>
          <ccoStateCountry ccoState="US-MA" ccoCountry="US"/>
          <ccoZipCode>02116</ccoZipCode>
          <ccoPhone>XXXXXX</ccoPhone>
          <isCcoChangedSinceLastFiling>N</isCcoChangedSinceLastFiling>
          <ccoEmployers>
            <ccoEmployer ccoEmployerName="N/A" ccoEmployerId="N/A"/>
          </ccoEmployers>
        </chiefComplianceOfficer>
      </chiefComplianceOfficers>
      <securityMatterSeriesInfo isRegistrantSubmittedMatter="Y"/>
      <isPreviousLegalProceeding>N</isPreviousLegalProceeding>
      <isPreviousProceedingTerminated>N</isPreviousProceedingTerminated>
      <isClaimFiled>N</isClaimFiled>
      <coveredByInsurancePolicy isCoveredByInsurancePolicy="Y" isClaimFiledDuringPeriod="N"/>
      <isFinancialSupportDuringPeriod>N</isFinancialSupportDuringPeriod>
      <releaseNumbers isExemptionFromAct="Y">
        <releaseNumberInfo releaseNumber="IC-17970"/>
        <releaseNumberInfo releaseNumber="IC-18898"/>
        <releaseNumberInfo releaseNumber="IC-20843"/>
        <releaseNumberInfo releaseNumber="IC-21171"/>
        <releaseNumberInfo releaseNumber="IC-27261"/>
        <releaseNumberInfo releaseNumber="IC-28389"/>
      </releaseNumbers>
      <principalUnderwriters>
        <principalUnderwriter>
          <principalUnderwriterName>John Hancock Funds, LLC</principalUnderwriterName>
          <principalUnderwriterFileNumber>8-43582</principalUnderwriterFileNumber>
          <principalUnderwriterCrdNumber>000028262</principalUnderwriterCrdNumber>
          <principalUnderwriterLei>N/A</principalUnderwriterLei>
          <principalUnderWriterStateCountry principalUnderWriterState="US-MA" principalUnderWriterCountry="US"/>
          <isPrincipalUnderwriterAffiliatedWithRegistrant>Y</isPrincipalUnderwriterAffiliatedWithRegistrant>
        </principalUnderwriter>
      </principalUnderwriters>
      <isUnderwriterHiredOrTerminated>N</isUnderwriterHiredOrTerminated>
      <publicAccountants>
        <publicAccountant>
          <publicAccountantName>PricewaterhouseCoopers LLP</publicAccountantName>
          <pcaobNumber>00238</pcaobNumber>
          <publicAccountantLei>5493002GVO7EO8RNNS37</publicAccountantLei>
          <publicAccountantStateCountry publicAccountantState="US-MA" publicAccountantCountry="US"/>
        </publicAccountant>
      </publicAccountants>
      <isPublicAccountantChanged>N</isPublicAccountantChanged>
      <isMaterialWeakness>N</isMaterialWeakness>
      <isOpinionOffered>N</isOpinionOffered>
      <isMaterialChange>N</isMaterialChange>
      <isAccountingPrincipleChange>N</isAccountingPrincipleChange>
      <isPaymentErrorInNetAssetValue>N</isPaymentErrorInNetAssetValue>
      <paymentDividendSeries isPaymentDividend="Y">
        <seriesInfo seriesName="John Hancock Tax-Advantaged Global Shareholder Yield Fund" seriesId="N/A"/>
      </paymentDividendSeries>
    </registrantInfo>
    <managementInvestmentQuestionSeriesInfo>
      <managementInvestmentQuestion>
        <mgmtInvFundName>John Hancock Tax-Advantaged Global Shareholder Yield Fund</mgmtInvFundName>
        <mgmtInvLei>549300KILC6GI1G1FO95</mgmtInvLei>
        <isFirstFilingByFund>Y</isFirstFilingByFund>
        <fundType>N/A</fundType>
        <isNonDiversifiedCompany>N</isNonDiversifiedCompany>
        <isForeignSubsidiary>N</isForeignSubsidiary>
        <isFundSecuritiesLending>N</isFundSecuritiesLending>
        <didFundLendSecurities>N</didFundLendSecurities>
        <paymentToAgentManagerType>N/A</paymentToAgentManagerType>
        <avgPortfolioSecuritiesValue>N/A</avgPortfolioSecuritiesValue>
        <netIncomeSecuritiesLending>N/A</netIncomeSecuritiesLending>
        <relyOnRuleTypes>
          <relyOnRuleType>Rule 32a-4 (17 CFR 270.32a-4)</relyOnRuleType>
        </relyOnRuleTypes>
        <isExpenseLimitationInPlace>Y</isExpenseLimitationInPlace>
        <isExpenseReducedOrWaived>Y</isExpenseReducedOrWaived>
        <isFeesWaivedRecoupable>N</isFeesWaivedRecoupable>
        <isExpenseWaivedRecoupable>N</isExpenseWaivedRecoupable>
        <investmentAdvisers>
          <investmentAdviser>
            <investmentAdviserName>John Hancock Advisers, LLC</investmentAdviserName>
            <investmentAdviserFileNo>801-8124</investmentAdviserFileNo>
            <investmentAdviserCrdNo>000105790</investmentAdviserCrdNo>
            <investmentAdviserLei>AOWFNEEIG2OJ03AZXK87</investmentAdviserLei>
            <investmentAdviserStateCountry investmentAdviserState="US-MA" investmentAdviserCountry="US"/>
            <isInvestmentAdviserHired>N</isInvestmentAdviserHired>
          </investmentAdviser>
        </investmentAdvisers>
        <subAdvisers>
          <subAdviser>
            <subAdviserName>John Hancock Asset Management a division of Manulife
Asset Management (US) LLC</subAdviserName>
            <subAdviserFileNo>801-42023</subAdviserFileNo>
            <subAdviserCrdNo>000106435</subAdviserCrdNo>
            <subAdviserLei>549300ZKXV1OCZQWDK34</subAdviserLei>
            <isSubAdviserAffiliated>Y</isSubAdviserAffiliated>
            <subAdviserStateCountry subAdviserState="US-DE" subAdviserCountry="US"/>
            <isSubAdviserHired>N</isSubAdviserHired>
          </subAdviser>
        </subAdvisers>
        <transferAgents>
          <transferAgent>
            <transferAgentName>Computershare Inc</transferAgentName>
            <transferAgentFileNo>84-05925</transferAgentFileNo>
            <transferAgentLei>254900Y7PP3ZED9AUY94</transferAgentLei>
            <transferAgentStateCountry transferAgentState="US-MA" transferAgentCountry="US"/>
            <isTransferAgentAffiliated>N</isTransferAgentAffiliated>
            <isTransferAgentSubAgent>N</isTransferAgentSubAgent>
          </transferAgent>
        </transferAgents>
        <isTransferAgentHiredOrTerminated>N</isTransferAgentHiredOrTerminated>
        <pricingServices>
          <pricingService>
            <pricingServiceName>Refinitiv</pricingServiceName>
            <pricingServiceLei>549300561UZND4C7B569</pricingServiceLei>
            <pricingServiceCountry>CA</pricingServiceCountry>
            <isPricingServiceAffiliated>N</isPricingServiceAffiliated>
          </pricingService>
          <pricingService>
            <pricingServiceName>ICE Data Services</pricingServiceName>
            <pricingServiceLei>5493000NQ9LYLDBCTL34</pricingServiceLei>
            <pricingServiceStateCountry pricingServiceState="US-DE" pricingServiceCountry="US"/>
            <isPricingServiceAffiliated>N</isPricingServiceAffiliated>
          </pricingService>
          <pricingService>
            <pricingServiceName>Pricing Direct</pricingServiceName>
            <pricingServiceLei>549300WIC0TOJ7N7GD54</pricingServiceLei>
            <pricingServiceStateCountry pricingServiceState="US-DE" pricingServiceCountry="US"/>
            <isPricingServiceAffiliated>N</isPricingServiceAffiliated>
          </pricingService>
          <pricingService>
            <pricingServiceName>IHS Markit</pricingServiceName>
            <pricingServiceLei>N/A</pricingServiceLei>
            <pricingServiceCountry>GB</pricingServiceCountry>
            <isPricingServiceAffiliated>N</isPricingServiceAffiliated>
          </pricingService>
          <pricingService>
            <pricingServiceName>Bloomberg LP</pricingServiceName>
            <pricingServiceLei>N/A</pricingServiceLei>
            <pricingServiceStateCountry pricingServiceState="US-DE" pricingServiceCountry="US"/>
            <isPricingServiceAffiliated>N</isPricingServiceAffiliated>
          </pricingService>
          <pricingService>
            <pricingServiceName>State Street Bank and Trust Company</pricingServiceName>
            <pricingServiceLei>571474TGEMMWANRLN572</pricingServiceLei>
            <pricingServiceStateCountry pricingServiceState="US-MA" pricingServiceCountry="US"/>
            <isPricingServiceAffiliated>N</isPricingServiceAffiliated>
          </pricingService>
        </pricingServices>
        <isPricingServiceHiredOrTerminated>N</isPricingServiceHiredOrTerminated>
        <custodians>
          <custodian>
            <custodianName>State Street Bank and Trust Company</custodianName>
            <custodianLei>571474TGEMMWANRLN572</custodianLei>
            <custodianStateCountry custodianState="US-MA" custodianCountry="US"/>
            <isCustodianAffiliated>N</isCustodianAffiliated>
            <isSubCustodian>N</isSubCustodian>
            <custodyType>Member national securities exchange - rule 17f-1 (17 CFR 270.17f-1)</custodyType>
          </custodian>
          <custodian>
            <custodianName>Skandinaviska Enskilda Banken AB</custodianName>
            <custodianLei>F3JS33DEI6XQ4ZBPTN86</custodianLei>
            <custodianCountry>SE</custodianCountry>
            <isCustodianAffiliated>N</isCustodianAffiliated>
            <isSubCustodian>Y</isSubCustodian>
            <custodyType>Foreign custodian - rule 17f-5 (17 CFR 270.17f-5)</custodyType>
          </custodian>
          <custodian>
            <custodianName>CITIBANK N.A.</custodianName>
            <custodianLei>VGB4JDQHF6JTNV02DJ20</custodianLei>
            <custodianCountry>SG</custodianCountry>
            <isCustodianAffiliated>N</isCustodianAffiliated>
            <isSubCustodian>Y</isSubCustodian>
            <custodyType>Foreign custodian - rule 17f-5 (17 CFR 270.17f-5)</custodyType>
          </custodian>
          <custodian>
            <custodianName>HSBC BANK AUSTRALIA LIMITED</custodianName>
            <custodianLei>DY9DBNI4W8J63Z298033</custodianLei>
            <custodianCountry>AU</custodianCountry>
            <isCustodianAffiliated>N</isCustodianAffiliated>
            <isSubCustodian>Y</isSubCustodian>
            <custodyType>Foreign custodian - rule 17f-5 (17 CFR 270.17f-5)</custodyType>
          </custodian>
          <custodian>
            <custodianName>STATE STREET TRUST COMPANY CANADA</custodianName>
            <custodianLei>549300L71XG2CTQ2V827</custodianLei>
            <custodianCountry>CA</custodianCountry>
            <isCustodianAffiliated>N</isCustodianAffiliated>
            <isSubCustodian>Y</isSubCustodian>
            <custodyType>Foreign custodian - rule 17f-5 (17 CFR 270.17f-5)</custodyType>
          </custodian>
          <custodian>
            <custodianName>Credit Suisse (Switzerland) Ltd.</custodianName>
            <custodianLei>549300CWR0W0BCS9Q144</custodianLei>
            <custodianCountry>CH</custodianCountry>
            <isCustodianAffiliated>N</isCustodianAffiliated>
            <isSubCustodian>Y</isSubCustodian>
            <custodyType>Foreign custodian - rule 17f-5 (17 CFR 270.17f-5)</custodyType>
          </custodian>
          <custodian>
            <custodianName>Deutsche Bank S.A.E.</custodianName>
            <custodianLei>N/A</custodianLei>
            <custodianCountry>ES</custodianCountry>
            <isCustodianAffiliated>N</isCustodianAffiliated>
            <isSubCustodian>Y</isSubCustodian>
            <custodyType>Foreign custodian - rule 17f-5 (17 CFR 270.17f-5)</custodyType>
          </custodian>
          <custodian>
            <custodianName>Deutsche Bank AG, Netherlands</custodianName>
            <custodianLei>N/A</custodianLei>
            <custodianCountry>NL</custodianCountry>
            <isCustodianAffiliated>N</isCustodianAffiliated>
            <isSubCustodian>Y</isSubCustodian>
            <custodyType>Foreign custodian - rule 17f-5 (17 CFR 270.17f-5)</custodyType>
          </custodian>
          <custodian>
            <custodianName>State Street Bank and Trust Company, United Kingdom Branch</custodianName>
            <custodianLei>N/A</custodianLei>
            <custodianCountry>GB</custodianCountry>
            <isCustodianAffiliated>N</isCustodianAffiliated>
            <isSubCustodian>Y</isSubCustodian>
            <custodyType>Foreign custodian - rule 17f-5 (17 CFR 270.17f-5)</custodyType>
          </custodian>
          <custodian>
            <custodianName>DEUTSCHE BANK MUTUI S.P.A.</custodianName>
            <custodianLei>8156006ACD5E92B0C985</custodianLei>
            <custodianCountry>IT</custodianCountry>
            <isCustodianAffiliated>N</isCustodianAffiliated>
            <isSubCustodian>Y</isSubCustodian>
            <custodyType>Foreign custodian - rule 17f-5 (17 CFR 270.17f-5)</custodyType>
          </custodian>
          <custodian>
            <custodianName>Skandinaviska Enskilda Banken AB</custodianName>
            <custodianLei>F3JS33DEI6XQ4ZBPTN86</custodianLei>
            <custodianCountry>NO</custodianCountry>
            <isCustodianAffiliated>N</isCustodianAffiliated>
            <isSubCustodian>Y</isSubCustodian>
            <custodyType>Foreign custodian - rule 17f-5 (17 CFR 270.17f-5)</custodyType>
          </custodian>
        </custodians>
        <isCustodianHiredOrTerminated>N</isCustodianHiredOrTerminated>
        <shareholderServicingAgents>
          <shareholderServicingAgent>
            <shareholderServiceAgentName>Computershare Shareowner Services, LLC</shareholderServiceAgentName>
            <shareholderServiceAgentLei>254900Y7PP3ZED9AUY94</shareholderServiceAgentLei>
            <shareholderServiceAgentStateCountry shareholderServiceAgentState="US-MA" shareholderServiceAgentCountry="US"/>
            <isShareholderServiceAgentAffiliated>N</isShareholderServiceAgentAffiliated>
            <isShareholderServiceAgentSubshare>N</isShareholderServiceAgentSubshare>
          </shareholderServicingAgent>
        </shareholderServicingAgents>
        <isShareholderServiceHiredTerminated>N</isShareholderServiceHiredTerminated>
        <admins>
          <admin>
            <adminName>John Hancock Advisers LLC</adminName>
            <adminLei>AOWFNEEIG2OJ03AZXK87</adminLei>
            <adminStateCountry adminState="US-MA" adminCountry="US"/>
            <isAdminAffiliated>Y</isAdminAffiliated>
            <isAdminSubAdmin>N</isAdminSubAdmin>
          </admin>
        </admins>
        <isAdminHiredOrTerminated>N</isAdminHiredOrTerminated>
        <brokerDealers>
          <brokerDealer>
            <brokerDealerName>John Hancock Funds, LLC</brokerDealerName>
            <brokerDealerFileNo>8-43582</brokerDealerFileNo>
            <brokerDealerCrdNo>000028262</brokerDealerCrdNo>
            <brokerDealerLei>N/A</brokerDealerLei>
            <brokerDealerStateCountry brokerDealerState="US-MA" brokerDealerCountry="US"/>
            <brokerDealerCommission>0.000000000000</brokerDealerCommission>
          </brokerDealer>
          <brokerDealer>
            <brokerDealerName>Signator Investors, Inc.</brokerDealerName>
            <brokerDealerFileNo>8-13995</brokerDealerFileNo>
            <brokerDealerCrdNo>000000468</brokerDealerCrdNo>
            <brokerDealerLei>N/A</brokerDealerLei>
            <brokerDealerStateCountry brokerDealerState="US-MA" brokerDealerCountry="US"/>
            <brokerDealerCommission>0.000000000000</brokerDealerCommission>
          </brokerDealer>
        </brokerDealers>
        <brokers>
          <broker>
            <brokerName>Morgan Stanley &amp; Co. LLC</brokerName>
            <brokerFileNo>8-15869</brokerFileNo>
            <brokerCrdNo>000008209</brokerCrdNo>
            <brokerLei>9R7GPTSO7KV3UQJZQ078</brokerLei>
            <brokerStateCountry brokerState="US-NY" brokerCountry="US"/>
            <grossCommission>27467.200000000000</grossCommission>
          </broker>
          <broker>
            <brokerName>Cowen &amp; Company</brokerName>
            <brokerFileNo>8-22522</brokerFileNo>
            <brokerCrdNo>000007616</brokerCrdNo>
            <brokerLei>549300WR155U7DVMIW58</brokerLei>
            <brokerStateCountry brokerState="US-NY" brokerCountry="US"/>
            <grossCommission>4278.220000000000</grossCommission>
          </broker>
          <broker>
            <brokerName>Royal Bank of Canada</brokerName>
            <brokerFileNo>N/A</brokerFileNo>
            <brokerCrdNo>N/A</brokerCrdNo>
            <brokerLei>ES7IP3U3RHIGC71XBU11</brokerLei>
            <brokerCountry>CA</brokerCountry>
            <grossCommission>15246.140000000000</grossCommission>
          </broker>
          <broker>
            <brokerName>Merrill Lynch, Pierce, Fenner &amp; Smith Incorporated</brokerName>
            <brokerFileNo>8-7221</brokerFileNo>
            <brokerCrdNo>000007691</brokerCrdNo>
            <brokerLei>8NAV47T0Y26Q87Y0QP81</brokerLei>
            <brokerStateCountry brokerState="US-NY" brokerCountry="US"/>
            <grossCommission>13845.280000000000</grossCommission>
          </broker>
          <broker>
            <brokerName>Barclays Bank PLC</brokerName>
            <brokerFileNo>N/A</brokerFileNo>
            <brokerCrdNo>N/A</brokerCrdNo>
            <brokerLei>G5GSEF7VJP5I7OUK5573</brokerLei>
            <brokerCountry>GB</brokerCountry>
            <grossCommission>13388.460000000000</grossCommission>
          </broker>
          <broker>
            <brokerName>J.P. Morgan Securities LLC</brokerName>
            <brokerFileNo>8-35008</brokerFileNo>
            <brokerCrdNo>000000079</brokerCrdNo>
            <brokerLei>ZBUT11V806EZRVTWT807</brokerLei>
            <brokerStateCountry brokerState="US-NY" brokerCountry="US"/>
            <grossCommission>15994.220000000000</grossCommission>
          </broker>
          <broker>
            <brokerName>Robert W. Baird &amp; Co. Incorporated</brokerName>
            <brokerFileNo>8-497</brokerFileNo>
            <brokerCrdNo>000008158</brokerCrdNo>
            <brokerLei>549300772UJAHRD6LO53</brokerLei>
            <brokerStateCountry brokerState="US-WI" brokerCountry="US"/>
            <grossCommission>10265.400000000000</grossCommission>
          </broker>
          <broker>
            <brokerName>Macquarie Group Limited</brokerName>
            <brokerFileNo>N/A</brokerFileNo>
            <brokerCrdNo>N/A</brokerCrdNo>
            <brokerLei>ACMHD8HWFMFUIQQ8Y590</brokerLei>
            <brokerCountry>AU</brokerCountry>
            <grossCommission>8506.520000000000</grossCommission>
          </broker>
          <broker>
            <brokerName>HSBC Bank PLC</brokerName>
            <brokerFileNo>N/A</brokerFileNo>
            <brokerCrdNo>N/A</brokerCrdNo>
            <brokerLei>MP6I5ZYZBEU3UXPYFY54</brokerLei>
            <brokerCountry>GB</brokerCountry>
            <grossCommission>5130.440000000000</grossCommission>
          </broker>
          <broker>
            <brokerName>Jefferies LLC</brokerName>
            <brokerFileNo>8-15074</brokerFileNo>
            <brokerCrdNo>000002347</brokerCrdNo>
            <brokerLei>58PU97L1C0WSRCWADL48</brokerLei>
            <brokerStateCountry brokerState="US-NY" brokerCountry="US"/>
            <grossCommission>5092.390000000000</grossCommission>
          </broker>
        </brokers>
        <aggregateCommission>147848.110000000000</aggregateCommission>
        <principalTransactions>
          <principalTransaction>
            <principalName>State Street Global Markets, LLC</principalName>
            <principalFileNo>8-69862</principalFileNo>
            <principalCrdNo>000285852</principalCrdNo>
            <principalLei>549300FDEDF5ORXCMQ56</principalLei>
            <principalStateCountry principalState="US-MA" principalCountry="US"/>
            <principalTotalPurchaseSale>248657592.070000000000</principalTotalPurchaseSale>
          </principalTransaction>
          <principalTransaction>
            <principalName>ITG Inc.</principalName>
            <principalFileNo>8-44218</principalFileNo>
            <principalCrdNo>000029299</principalCrdNo>
            <principalLei>549300S41SMIODVIT266</principalLei>
            <principalStateCountry principalState="US-NY" principalCountry="US"/>
            <principalTotalPurchaseSale>96903.250000000000</principalTotalPurchaseSale>
          </principalTransaction>
          <principalTransaction>
            <principalName>Raymond James &amp; Associates, Inc.</principalName>
            <principalFileNo>8-10999</principalFileNo>
            <principalCrdNo>000000705</principalCrdNo>
            <principalLei>U4ONQX15J3RO8XCKE979</principalLei>
            <principalStateCountry principalState="US-FL" principalCountry="US"/>
            <principalTotalPurchaseSale>3394719.110000000000</principalTotalPurchaseSale>
          </principalTransaction>
          <principalTransaction>
            <principalName>Sanford C. Bernstein &amp; Co., LLC</principalName>
            <principalFileNo>8-52942</principalFileNo>
            <principalCrdNo>000104474</principalCrdNo>
            <principalLei>549300I7JYZHT7D5CO04</principalLei>
            <principalStateCountry principalState="US-NY" principalCountry="US"/>
            <principalTotalPurchaseSale>866514.100000000000</principalTotalPurchaseSale>
          </principalTransaction>
          <principalTransaction>
            <principalName>Deutsche Bank AG</principalName>
            <principalFileNo>N/A</principalFileNo>
            <principalCrdNo>N/A</principalCrdNo>
            <principalLei>213800QILIUD4ROSUO03</principalLei>
            <principalCountry>DE</principalCountry>
            <principalTotalPurchaseSale>654275.280000000000</principalTotalPurchaseSale>
          </principalTransaction>
          <principalTransaction>
            <principalName>Barclays Bank PLC</principalName>
            <principalFileNo>N/A</principalFileNo>
            <principalCrdNo>N/A</principalCrdNo>
            <principalLei>G5GSEF7VJP5I7OUK5573</principalLei>
            <principalCountry>GB</principalCountry>
            <principalTotalPurchaseSale>650260.530000000000</principalTotalPurchaseSale>
          </principalTransaction>
          <principalTransaction>
            <principalName>Craig-Hallum Capital Group LLC</principalName>
            <principalFileNo>8-65407</principalFileNo>
            <principalCrdNo>000121395</principalCrdNo>
            <principalLei>549300YWNPUXBR9XZW77</principalLei>
            <principalStateCountry principalState="US-MN" principalCountry="US"/>
            <principalTotalPurchaseSale>559384.450000000000</principalTotalPurchaseSale>
          </principalTransaction>
          <principalTransaction>
            <principalName>Mizuho Securities Co., Ltd.</principalName>
            <principalFileNo>N/A</principalFileNo>
            <principalCrdNo>N/A</principalCrdNo>
            <principalLei>549300I6K0JHSVK8I066</principalLei>
            <principalCountry>JP</principalCountry>
            <principalTotalPurchaseSale>441235.780000000000</principalTotalPurchaseSale>
          </principalTransaction>
          <principalTransaction>
            <principalName>Royal Bank of Canada</principalName>
            <principalFileNo>N/A</principalFileNo>
            <principalCrdNo>N/A</principalCrdNo>
            <principalLei>ES7IP3U3RHIGC71XBU11</principalLei>
            <principalCountry>CA</principalCountry>
            <principalTotalPurchaseSale>331966.620000000000</principalTotalPurchaseSale>
          </principalTransaction>
          <principalTransaction>
            <principalName>Goldman Sachs &amp; Co. LLC</principalName>
            <principalFileNo>8-129</principalFileNo>
            <principalCrdNo>000000361</principalCrdNo>
            <principalLei>FOR8UP27PHTHYVLBNG30</principalLei>
            <principalStateCountry principalState="US-NY" principalCountry="US"/>
            <principalTotalPurchaseSale>101220.070000000000</principalTotalPurchaseSale>
          </principalTransaction>
        </principalTransactions>
        <principalAggregatePurchase>255864271.160000000000</principalAggregatePurchase>
        <isBrokerageResearchPayment>Y</isBrokerageResearchPayment>
        <mnthlyAvgNetAssets>91749197.000000000000</mnthlyAvgNetAssets>
        <dailyAvgNetAssets>0.000000000000</dailyAvgNetAssets>
      </managementInvestmentQuestion>
    </managementInvestmentQuestionSeriesInfo>
    <closedEndManagementInvestment>
      <securityRelatedItems>
        <securityRelatedItem>
          <description>Common stock</description>
          <securityClassTitle>Common shares</securityClassTitle>
          <commonStocks>
            <commonStock commonStockExchange="ARCD" commonStockTickerSymbol="HTY"/>
          </commonStocks>
        </securityRelatedItem>
      </securityRelatedItems>
      <isRightsOffering>N</isRightsOffering>
      <isSecondaryOffering>N</isSecondaryOffering>
      <isRepurchaseSecurity>N</isRepurchaseSecurity>
      <isDefaultLongTermDebt>N</isDefaultLongTermDebt>
      <isDividendsInArrears>N</isDividendsInArrears>
      <isSecuritiesModified>N</isSecuritiesModified>
      <managementFee>0.950000000000</managementFee>
      <netOperatingExpenses>1.340000000000</netOperatingExpenses>
      <marketPricePerShare>6.910000000000</marketPricePerShare>
      <netAssetValuePerShare>7.630000000000</netAssetValuePerShare>
    </closedEndManagementInvestment>
    <exchangeSeriesInfo/>
    <attachmentsTab>
      <isIPAReportInternalControl>true</isIPAReportInternalControl>
    </attachmentsTab>
    <signature registrantSignedName="John Hancock Tax-Advantaged Global Shareholder Yield Fund" signedDate="2019-01-04" signature="Salvatore Schiavone" title="Treasurer"/>
  </formData>
</edgarSubmission>
